,,Jitter in %,Abs Jitter,Jitter as RAP,Jitter as PPQ5,Jitter as DDP,Shimmer in %,Abs Shimmer,Shimme as APQ3,Shimmer as APQ5,Shimmer as APQ11,Shimmer as DDA,Harmonicity (Autocorrelation),Noise to Hermonic ratio,Hermonic to Noise Ratio,Median Pitch,Mean Pitch,Standard deviation of Pitch,Minimum pitch,Maximum pitch,Number of pulses,Number of periods,Mean period,Standard deviation of period,Fraction of locally unvoiced frames,Number of voice breaks,Degree of voice breaks
PD Group,mean,2.851624230769231,0.00018816717115384616,1.3558614615384614,1.474592,4.067576615384615,12.96777546153846,1.2063116153846154,5.644881692307692,7.874291623538461,13.095256533134615,16.93466946153846,0.8529605800769231,0.2198749677692308,10.173285307692309,158.65229615384615,162.95036807692307,23.10965476923077,131.75813238461538,217.941499,115.89807692307693,113.00384615384615,0.006699865178846154,0.0008000419134615385,25.124182692307695,1.0057692307692307,10.458273076923076
PD Group,std,1.6805614229218997,0.00011328225772903883,0.9175137466761306,1.0194039261074272,2.7525818186825792,4.710491775029584,0.3655620914062353,2.484632171269335,3.5138036691797727,6.328437330910548,7.453886198843315,0.07394202575301417,0.13074257843005452,3.8942001677514124,46.84240731611032,48.76093108701929,34.32360405987047,42.89315629456572,109.38475795284764,178.53233596931602,178.37180536331894,0.001867871134486067,0.000736465648960587,20.66146701531012,1.4696562797315296,13.762673117094032
Non-PD Group,mean,2.851624230769231,0.00018816717115384616,1.3558614615384614,1.474592,4.067576615384615,12.96777546153846,1.2063116153846154,5.644881692307692,7.874291623538461,13.095256533134615,16.93466946153846,0.8529605800769231,0.2198749677692308,10.173285307692309,158.65229615384615,162.95036807692307,23.10965476923077,131.75813238461538,217.941499,115.89807692307693,113.00384615384615,0.006699865178846154,0.0008000419134615385,25.124182692307695,1.0057692307692307,10.458273076923076
Non-PD Group,std,1.6805614229218997,0.00011328225772903883,0.9175137466761306,1.0194039261074272,2.7525818186825792,4.710491775029584,0.3655620914062353,2.484632171269335,3.5138036691797727,6.328437330910548,7.453886198843315,0.07394202575301417,0.13074257843005452,3.8942001677514124,46.84240731611032,48.76093108701929,34.32360405987047,42.89315629456572,109.38475795284764,178.53233596931602,178.37180536331894,0.001867871134486067,0.000736465648960587,20.66146701531012,1.4696562797315296,13.762673117094032
